Name,zettels,page
"primary note: ",,
"zettel: ",,
: network,,
"exp: ",,
: user interface,: the user interface (taw%20td%20day%2029%2084%20week%2005%2012/zettelkasten%20td/the%20user%20interface%20203a70bb517c80bbbc3cd26392386f68.md),
: op create dialog,,
: network anatomy,,
: cover,,0.01
: contract,,0.02
: toc,": navigating the environment (taw%20td%20day%2029%2084%20week%2005%2012/zettelkasten%20td/navigating%20the%20environment%20203a70bb517c802884f1dbf99ad1271c.md), : the user interface (taw%20td%20day%2029%2084%20week%2005%2012/zettelkasten%20td/the%20user%20interface%20203a70bb517c80bbbc3cd26392386f68.md)",0.03
: navigating the environment,": toc (taw%20td%20day%2029%2084%20week%2005%2012/zettelkasten%20td/toc%20203a70bb517c80149708ee5ffc14c2e2.md), :  Components (taw%20td%20day%2029%2084%20week%2005%2012/zettelkasten%20td/Components%20203a70bb517c804ab8d0d38fac603e31.md), : Network Path (taw%20td%20day%2029%2084%20week%2005%2012/zettelkasten%20td/Network%20Path%20203a70bb517c805bb3ecd4724c051a34.md), : Network (taw%20td%20day%2029%2084%20week%2005%2012/zettelkasten%20td/Network%20203a70bb517c8075b343c29a80101bd1.md), : learning tips (taw%20td%20day%2029%2084%20week%2005%2012/zettelkasten%20td/learning%20tips%20203a70bb517c807cbf44fc328e51b0cd.md), : Network Editor (taw%20td%20day%2029%2084%20week%2005%2012/zettelkasten%20td/Network%20Editor%20203a70bb517c80a18ac9d13890f416e3.md), : the user interface (taw%20td%20day%2029%2084%20week%2005%2012/zettelkasten%20td/the%20user%20interface%20203a70bb517c80bbbc3cd26392386f68.md), : using the op create dialog (taw%20td%20day%2029%2084%20week%2005%2012/zettelkasten%20td/using%20the%20op%20create%20dialog%20203a70bb517c80c880fbea1045450251.md), : OP Create Dialog (taw%20td%20day%2029%2084%20week%2005%2012/zettelkasten%20td/OP%20Create%20Dialog%20203a70bb517c80f8a3e4eab86dc49f73.md), : Operators (taw%20td%20day%2029%2084%20week%2005%2012/zettelkasten%20td/Operators%20203a70bb517c80fdb0cfca79d6f3b16c.md)",1
: learning tips,": navigating the environment (taw%20td%20day%2029%2084%20week%2005%2012/zettelkasten%20td/navigating%20the%20environment%20203a70bb517c802884f1dbf99ad1271c.md), : the user interface (taw%20td%20day%2029%2084%20week%2005%2012/zettelkasten%20td/the%20user%20interface%20203a70bb517c80bbbc3cd26392386f68.md)",1.5
: the user interface,": toc (taw%20td%20day%2029%2084%20week%2005%2012/zettelkasten%20td/toc%20203a70bb517c80149708ee5ffc14c2e2.md), : navigating the environment (taw%20td%20day%2029%2084%20week%2005%2012/zettelkasten%20td/navigating%20the%20environment%20203a70bb517c802884f1dbf99ad1271c.md), : Network Path (taw%20td%20day%2029%2084%20week%2005%2012/zettelkasten%20td/Network%20Path%20203a70bb517c805bb3ecd4724c051a34.md), : Network (taw%20td%20day%2029%2084%20week%2005%2012/zettelkasten%20td/Network%20203a70bb517c8075b343c29a80101bd1.md), : learning tips (taw%20td%20day%2029%2084%20week%2005%2012/zettelkasten%20td/learning%20tips%20203a70bb517c807cbf44fc328e51b0cd.md), : Network Editor (taw%20td%20day%2029%2084%20week%2005%2012/zettelkasten%20td/Network%20Editor%20203a70bb517c80a18ac9d13890f416e3.md), : user interface (taw%20td%20day%2029%2084%20week%2005%2012/zettelkasten%20td/user%20interface%20203a70bb517c8066bad7f95488185f73.md)",1
: network anatomy,,
: docs,,
: Network,": navigating the environment (taw%20td%20day%2029%2084%20week%2005%2012/zettelkasten%20td/navigating%20the%20environment%20203a70bb517c802884f1dbf99ad1271c.md), : the user interface (taw%20td%20day%2029%2084%20week%2005%2012/zettelkasten%20td/the%20user%20interface%20203a70bb517c80bbbc3cd26392386f68.md)",
: Network Editor,": navigating the environment (taw%20td%20day%2029%2084%20week%2005%2012/zettelkasten%20td/navigating%20the%20environment%20203a70bb517c802884f1dbf99ad1271c.md), : the user interface (taw%20td%20day%2029%2084%20week%2005%2012/zettelkasten%20td/the%20user%20interface%20203a70bb517c80bbbc3cd26392386f68.md)",
: Network Path,": navigating the environment (taw%20td%20day%2029%2084%20week%2005%2012/zettelkasten%20td/navigating%20the%20environment%20203a70bb517c802884f1dbf99ad1271c.md), : the user interface (taw%20td%20day%2029%2084%20week%2005%2012/zettelkasten%20td/the%20user%20interface%20203a70bb517c80bbbc3cd26392386f68.md)",
: using the op create dialog,": navigating the environment (taw%20td%20day%2029%2084%20week%2005%2012/zettelkasten%20td/navigating%20the%20environment%20203a70bb517c802884f1dbf99ad1271c.md), :  Components (taw%20td%20day%2029%2084%20week%2005%2012/zettelkasten%20td/Components%20203a70bb517c804ab8d0d38fac603e31.md), : OP Create Dialog (taw%20td%20day%2029%2084%20week%2005%2012/zettelkasten%20td/OP%20Create%20Dialog%20203a70bb517c80f8a3e4eab86dc49f73.md), : Operators (taw%20td%20day%2029%2084%20week%2005%2012/zettelkasten%20td/Operators%20203a70bb517c80fdb0cfca79d6f3b16c.md)",2
: OP Create Dialog,": navigating the environment (taw%20td%20day%2029%2084%20week%2005%2012/zettelkasten%20td/navigating%20the%20environment%20203a70bb517c802884f1dbf99ad1271c.md), : using the op create dialog (taw%20td%20day%2029%2084%20week%2005%2012/zettelkasten%20td/using%20the%20op%20create%20dialog%20203a70bb517c80c880fbea1045450251.md)",
: Operators,": navigating the environment (taw%20td%20day%2029%2084%20week%2005%2012/zettelkasten%20td/navigating%20the%20environment%20203a70bb517c802884f1dbf99ad1271c.md), : using the op create dialog (taw%20td%20day%2029%2084%20week%2005%2012/zettelkasten%20td/using%20the%20op%20create%20dialog%20203a70bb517c80c880fbea1045450251.md)",
:  Components,": navigating the environment (taw%20td%20day%2029%2084%20week%2005%2012/zettelkasten%20td/navigating%20the%20environment%20203a70bb517c802884f1dbf99ad1271c.md), : using the op create dialog (taw%20td%20day%2029%2084%20week%2005%2012/zettelkasten%20td/using%20the%20op%20create%20dialog%20203a70bb517c80c880fbea1045450251.md)",
": ",,
: miniproject - 101 NTE : week 1,,
": ",,
: 102.05 Basic Compositing,,17